code,type,lat,lon,severity,n_observations,evidence_confidence,traffic_exposure,date,is_synthetic
SYN-00000,pothole,24.87909061732462,67.181202107328,0.32,4,0.61,0.26,2025-01-21,True
SYN-00001,road_damage,24.881654689131004,66.95621487284657,0.95,3,0.79,0.32,2025-06-20,True
SYN-00002,road_damage,24.95900246809265,67.08879951058171,0.55,4,0.89,0.24,2025-06-15,True
SYN-00003,garbage,24.93697675199167,67.10849377792027,0.51,6,0.77,0.48,2025-04-05,True
SYN-00004,garbage,24.984618623912347,66.97647435093769,0.78,1,0.93,0.68,2025-02-16,True
SYN-00005,open_drain,24.95950584346875,66.98508489926598,0.64,6,0.81,0.23,2025-01-17,True
SYN-00006,pothole,24.905341240902416,67.05477857982908,0.95,3,0.86,0.33,2025-01-04,True
SYN-00007,road_damage,24.990944280779868,67.1915579780358,0.82,5,0.37,0.93,2025-06-25,True
SYN-00008,waterlogging,24.85506431318062,67.0990106383086,0.58,3,0.78,0.05,2025-02-02,True
SYN-00009,pothole,24.82476953535811,67.18325580540005,0.5,2,0.59,0.46,2025-12-17,True
SYN-00010,garbage,24.838910050762884,67.15109022890324,0.99,5,0.66,0.71,2025-03-31,True
SYN-00011,open_drain,24.971695463625256,67.06684540038883,0.77,5,0.73,0.15,2025-08-27,True
SYN-00012,road_damage,24.91699421835279,67.14619086231305,0.96,1,0.93,0.05,2025-09-03,True
SYN-00013,road_damage,24.85386707359706,66.95445919599425,0.29,5,0.94,0.14,2025-06-30,True
SYN-00014,road_damage,24.925219402771706,66.97728599919144,0.88,5,0.49,0.92,2025-11-19,True
SYN-00015,road_damage,24.851985541569764,67.15735715372068,0.71,3,0.78,0.01,2025-02-10,True
SYN-00016,garbage,24.966227278766326,67.14920427208129,0.3,6,0.79,0.19,2025-03-27,True
SYN-00017,pothole,24.913692817870547,67.0081601854916,0.67,4,0.53,0.03,2025-04-03,True
SYN-00018,open_drain,24.90001445748026,67.08269239764977,0.75,3,0.38,0.11,2025-02-19,True
SYN-00019,garbage,24.883317538721055,67.101503955175,0.21,1,0.33,0.62,2025-04-18,True
SYN-00020,garbage,24.952359344554967,67.166934738444,0.56,5,0.81,0.24,2025-04-25,True
SYN-00021,waterlogging,24.895980648216213,67.10077678933469,0.86,2,0.62,0.57,2025-10-07,True
SYN-00022,pothole,24.83840648305638,67.05314289231842,0.44,5,0.94,0.59,2025-04-21,True
SYN-00023,open_drain,24.844781239445307,67.0435460108518,0.57,4,0.6,0.85,2025-11-16,True
SYN-00024,road_damage,25.0219985095554,67.05647052159338,0.55,3,0.94,0.0,2025-10-10,True
SYN-00025,road_damage,25.0108019450486,67.112982756395,0.44,1,0.57,0.85,2025-11-26,True
SYN-00026,garbage,24.96693849810026,67.16687265793809,0.93,5,0.82,0.62,2025-02-08,True
SYN-00027,open_drain,24.8758326919065,67.06347422051908,0.83,1,0.36,0.16,2025-12-26,True
SYN-00028,garbage,25.023527039243024,67.01195989073784,0.29,3,0.66,0.77,2025-08-13,True
SYN-00029,garbage,24.98353768983282,67.0091655907494,1.0,6,0.82,0.86,2025-12-25,True
SYN-00030,garbage,24.97054693972339,67.13650357006087,0.9,6,0.9,0.25,2025-05-10,True
SYN-00031,waterlogging,24.914365915450198,67.15414219085598,0.43,6,0.83,0.92,2025-12-14,True
SYN-00032,pothole,24.877170727987483,66.97631951996354,0.87,6,0.32,0.45,2025-08-03,True
SYN-00033,garbage,24.840242102052237,66.9666397142388,0.29,4,0.54,0.6,2025-01-27,True
SYN-00034,open_drain,25.00954650327421,67.09860841593911,1.0,2,0.33,0.98,2025-05-30,True
SYN-00035,pothole,24.91571302086506,66.98654331104818,0.73,6,0.37,0.36,2025-02-20,True
SYN-00036,open_drain,24.862496306607,67.1561660476141,0.72,5,0.74,0.81,2025-12-10,True
SYN-00037,open_drain,24.884250891071638,67.02758366848101,0.27,6,0.76,0.32,2025-04-22,True
SYN-00038,waterlogging,24.9416361094778,66.98596798324279,0.92,4,0.8,0.8,2025-03-23,True
SYN-00039,road_damage,24.85712228441724,67.18024261812187,0.22,1,0.86,0.6,2025-07-21,True
SYN-00040,pothole,24.9998889996594,66.99138293068383,0.39,4,0.78,0.22,2025-06-05,True
SYN-00041,road_damage,24.979289101265394,67.02118002058448,0.31,3,0.82,0.41,2025-02-05,True
SYN-00042,road_damage,24.9710872207497,66.98840334879802,0.82,6,0.33,0.32,2025-10-26,True
SYN-00043,waterlogging,24.91073953835277,66.97887251591634,0.36,3,0.45,0.08,2025-11-05,True
SYN-00044,pothole,24.951734856547514,66.95528700408411,0.93,2,0.7,0.03,2025-09-29,True
SYN-00045,open_drain,24.942660573471674,66.96384885229106,0.73,1,0.86,0.35,2025-08-14,True
SYN-00046,garbage,24.956467786326513,66.99366036773397,0.23,6,0.3,0.02,2025-05-27,True
SYN-00047,open_drain,24.837733307439375,66.9633454831568,0.2,5,0.63,0.17,2025-07-17,True
SYN-00048,road_damage,24.907319554455828,67.09778595402774,0.24,1,0.74,0.73,2025-07-10,True
SYN-00049,road_damage,24.828738976510998,67.12017863169989,0.68,3,0.32,0.71,2025-03-02,True
SYN-00050,road_damage,24.92373807204135,67.04840761420802,0.84,3,0.56,0.74,2025-01-30,True
SYN-00051,pothole,24.889270854589885,67.02949777423801,0.39,3,0.88,0.32,2025-04-03,True
SYN-00052,waterlogging,24.85035007966187,67.07613155925556,0.88,6,0.74,0.89,2025-06-15,True
SYN-00053,garbage,24.841714623221737,67.16875123555866,0.25,1,0.45,0.59,2025-02-28,True
SYN-00054,garbage,24.94340536015732,67.16278290670556,0.84,2,0.85,0.13,2025-02-08,True
SYN-00055,pothole,24.855824523392748,66.9608687655032,0.94,2,0.53,0.14,2025-11-07,True
SYN-00056,garbage,25.01427522485913,66.99537460239914,0.82,2,0.85,0.69,2025-05-17,True
SYN-00057,pothole,24.942022839337085,67.0091862177761,0.76,6,0.49,0.17,2025-08-02,True
SYN-00058,road_damage,24.892842658952315,67.01234689395805,0.87,6,0.68,0.51,2025-07-11,True
SYN-00059,road_damage,24.9440922532111,67.0928081629357,0.23,1,0.56,0.99,2025-09-26,True
SYN-00060,open_drain,24.824788812916236,67.0540656064258,0.36,4,0.48,0.0,2025-09-28,True
SYN-00061,road_damage,25.021297434780706,66.9623135299819,0.3,2,0.88,0.02,2025-04-19,True
SYN-00062,waterlogging,24.92128372175801,67.0434035346149,0.6,2,0.42,0.99,2025-11-06,True
SYN-00063,open_drain,24.98437439772256,67.08093823717941,0.8,2,0.36,0.58,2025-05-16,True
SYN-00064,garbage,24.837373299983714,66.97541797572593,0.7,2,0.52,0.13,2025-11-01,True
SYN-00065,waterlogging,24.922198249476015,67.15836463844714,0.88,3,0.77,0.9,2025-05-28,True
SYN-00066,open_drain,24.92304846881445,66.96299046661628,0.32,6,0.82,0.88,2025-02-10,True
SYN-00067,waterlogging,25.01694355554475,67.18121046725452,0.79,4,0.95,0.54,2025-10-05,True
SYN-00068,pothole,24.940062890998977,66.97477828539498,0.35,5,0.49,0.62,2025-01-12,True
SYN-00069,garbage,24.91943277422196,67.16089373789944,0.42,3,0.57,0.27,2025-10-09,True
SYN-00070,road_damage,24.8760648892493,67.17566328598191,0.77,1,0.39,0.05,2025-01-16,True
SYN-00071,pothole,24.889629489441937,67.19489267014666,0.98,1,0.67,0.59,2025-03-17,True
SYN-00072,garbage,24.929341204519023,67.15050647006841,0.69,2,0.95,0.29,2025-08-09,True
SYN-00073,pothole,24.91217140666406,67.14486938519283,0.24,2,0.76,0.66,2025-12-10,True
SYN-00074,road_damage,24.82453853677487,67.1106208189989,0.69,6,0.69,0.84,2025-05-30,True
SYN-00075,garbage,24.993521304080815,67.14474908864453,0.23,6,0.56,0.02,2025-02-14,True
SYN-00076,waterlogging,25.008193762086353,66.98363805210329,0.91,6,0.89,0.6,2025-03-27,True
SYN-00077,waterlogging,24.84945230868971,67.08401700898692,0.77,4,0.62,0.23,2025-11-24,True
SYN-00078,garbage,24.9363475901432,67.0785557175476,0.34,4,0.39,0.87,2025-09-23,True
SYN-00079,road_damage,24.842800905638445,67.16439303603065,0.27,4,0.54,0.25,2025-02-06,True
SYN-00080,open_drain,24.961170419538362,67.06569984139838,0.35,3,0.34,0.61,2025-05-21,True
SYN-00081,garbage,24.87905909460619,67.0462723740251,0.98,5,0.43,0.55,2025-04-07,True
SYN-00082,pothole,24.9584787532853,67.10989081780929,0.57,5,0.31,0.4,2025-03-06,True
SYN-00083,open_drain,24.972668869000245,67.01661582937521,0.83,5,0.59,0.68,2025-11-05,True
SYN-00084,road_damage,24.98141597330271,66.98494210273849,0.71,4,0.71,0.73,2025-08-14,True
SYN-00085,road_damage,24.842625598650738,67.06946931850594,0.66,1,0.52,0.57,2025-03-07,True
SYN-00086,pothole,25.0123624874789,67.05422234214872,0.32,5,0.57,0.76,2025-08-26,True
SYN-00087,waterlogging,24.868344938087926,67.00814248513223,0.96,3,0.92,0.98,2025-05-31,True
SYN-00088,road_damage,24.827856636796998,67.04187795252878,0.44,5,0.79,0.42,2025-01-23,True
SYN-00089,open_drain,24.936519018572213,67.04159811245657,0.66,4,0.65,0.51,2025-06-14,True
SYN-00090,garbage,24.897893679611112,67.03187389110315,0.76,6,0.48,0.01,2025-03-09,True
SYN-00091,open_drain,24.994255846057808,67.04486601993173,0.72,3,0.88,0.8,2025-03-31,True
SYN-00092,open_drain,24.989732809133503,67.12143583636399,0.95,6,0.45,0.52,2025-11-17,True
SYN-00093,waterlogging,24.886599167492772,67.02421911864282,0.32,6,0.51,0.41,2025-09-17,True
SYN-00094,open_drain,25.02010887296465,67.18721448167884,0.61,2,0.89,0.09,2025-02-18,True
SYN-00095,waterlogging,24.881092746009426,67.17908700488455,0.52,3,0.64,0.89,2025-11-07,True
SYN-00096,waterlogging,24.928161997138663,67.07022760707503,0.58,4,0.78,0.4,2025-07-29,True
SYN-00097,road_damage,24.873752669019197,67.03209030125117,0.3,5,0.68,0.68,2025-11-16,True
SYN-00098,road_damage,25.016569149710282,67.0838586974575,0.31,5,0.72,0.15,2025-09-30,True
SYN-00099,pothole,24.854567641692224,67.1621401221934,0.42,6,0.49,0.96,2025-05-04,True
SYN-00100,open_drain,24.82943123007239,67.11314683514003,0.44,3,0.46,0.18,2025-07-15,True
SYN-00101,pothole,24.911370382600637,67.15109795698677,0.54,4,0.51,0.2,2025-07-13,True
SYN-00102,open_drain,25.028398868451728,67.08318056901643,0.69,3,0.4,0.86,2025-09-20,True
SYN-00103,pothole,25.007252225913533,67.10822940731691,0.71,6,0.87,0.91,2025-04-01,True
SYN-00104,road_damage,24.97720768408596,67.02203890354562,0.53,2,0.48,0.21,2025-05-02,True
SYN-00105,road_damage,25.007066423084492,67.13372329057758,0.53,4,0.66,0.47,2025-03-31,True
SYN-00106,road_damage,25.007623794336553,67.00060114828143,0.37,1,0.81,0.73,2025-04-19,True
SYN-00107,road_damage,24.928960255681154,67.12369953220463,0.67,6,0.81,0.88,2025-02-28,True
SYN-00108,garbage,24.886345100884466,67.16517976708148,0.45,3,0.58,0.38,2025-01-14,True
SYN-00109,road_damage,24.982122610743307,66.98302570932539,0.23,3,0.61,0.52,2025-12-10,True
SYN-00110,waterlogging,24.95894886526523,67.10359493513548,0.53,4,0.95,0.74,2025-01-28,True
SYN-00111,road_damage,24.89846812306348,66.97377393705749,0.58,3,0.74,0.73,2025-11-21,True
SYN-00112,garbage,24.839838000292918,67.13142890706786,0.38,6,0.83,0.78,2025-01-02,True
SYN-00113,garbage,24.976825818383297,66.97112330470588,0.66,4,0.89,0.57,2025-10-11,True
SYN-00114,garbage,24.875116708343803,67.18398495567516,0.65,4,0.81,0.1,2025-04-30,True
SYN-00115,garbage,25.016730761612095,66.98435198250945,0.76,1,0.42,0.9,2025-07-08,True
SYN-00116,pothole,24.870603820751196,67.18972006147727,0.72,1,0.67,0.87,2025-04-14,True
SYN-00117,pothole,24.845779165806412,67.15022104402128,0.72,3,0.37,0.8,2025-06-29,True
SYN-00118,waterlogging,24.99453366114623,67.09842050111659,0.45,6,0.72,0.1,2025-06-14,True
SYN-00119,pothole,24.852189706491146,67.14565602615738,0.83,6,0.92,0.2,2025-07-13,True
SYN-00120,garbage,24.857646344713125,67.14877870974577,0.64,4,0.63,0.74,2025-05-24,True
SYN-00121,road_damage,24.94587038621938,67.18650676570434,0.55,4,0.58,0.02,2025-07-15,True
SYN-00122,road_damage,25.00365802857587,67.0133458384598,0.7,3,0.32,0.98,2025-10-29,True
SYN-00123,garbage,24.86125127980006,67.09751897383958,0.49,2,0.92,0.38,2025-06-08,True
SYN-00124,open_drain,24.88516797130902,66.9737622993911,0.61,1,0.37,0.72,2025-05-12,True
SYN-00125,garbage,24.983255016030647,67.10404142500603,0.79,3,0.33,0.89,2025-02-18,True
SYN-00126,pothole,25.024083549472806,66.9928228260232,0.91,2,0.46,0.39,2025-05-12,True
SYN-00127,road_damage,24.925155649102493,67.09123765286812,0.94,2,0.34,0.32,2025-02-15,True
SYN-00128,garbage,24.850218475535762,67.09310762850846,0.6,2,0.6,0.61,2025-03-08,True
SYN-00129,road_damage,24.822926620418723,67.0664962882453,0.62,1,0.64,0.58,2025-12-14,True
SYN-00130,garbage,24.86822776629976,67.08065794387828,0.84,4,0.5,0.41,2025-02-02,True
SYN-00131,garbage,24.84768266573517,67.14098084750165,0.45,6,0.33,0.6,2025-06-25,True
SYN-00132,pothole,24.9623083214587,67.14981117912802,0.87,5,0.37,0.94,2025-11-01,True
SYN-00133,garbage,24.845584825971994,67.07303830389387,0.6,3,0.55,0.47,2025-12-14,True
SYN-00134,road_damage,24.926329285640335,67.09989836038065,0.29,3,0.34,0.2,2025-02-23,True
SYN-00135,waterlogging,24.965795111485008,67.18280905892253,0.26,2,0.75,0.38,2025-03-01,True
SYN-00136,road_damage,24.94203448793639,66.97993339712528,0.87,1,0.43,0.39,2025-05-16,True
SYN-00137,pothole,24.861952886848613,66.97927589147503,0.24,4,0.5,0.13,2025-07-22,True
SYN-00138,waterlogging,24.988866150498275,66.9719272529777,0.42,4,0.56,0.16,2025-12-17,True
SYN-00139,garbage,24.97023549721932,67.11446582126014,0.47,1,0.57,0.68,2025-03-17,True
SYN-00140,open_drain,24.975186640822265,67.0546520751976,0.34,3,0.3,0.34,2025-03-02,True
SYN-00141,waterlogging,24.847522127827038,67.14358035403546,0.45,2,0.37,0.95,2025-04-03,True
SYN-00142,waterlogging,24.845988298766574,67.11780785332715,0.79,2,0.86,0.24,2025-11-16,True
SYN-00143,garbage,25.014788135711367,67.03340943958206,0.21,5,0.3,0.1,2025-01-11,True
SYN-00144,open_drain,24.903491420703237,67.17459163684039,0.86,4,0.63,0.75,2025-05-19,True
SYN-00145,open_drain,24.883199225273998,67.14063303676767,0.89,4,0.62,0.88,2025-02-13,True
SYN-00146,pothole,24.922602649523824,67.01763373522755,0.5,5,0.52,0.28,2025-02-27,True
SYN-00147,waterlogging,24.959201484680353,67.04104800444301,0.32,6,0.58,0.2,2025-12-01,True
SYN-00148,open_drain,25.020680883979864,67.02860999505107,0.68,5,0.81,0.19,2025-01-01,True
SYN-00149,pothole,24.88015370764523,66.98940291215625,0.3,4,0.85,0.52,2025-04-28,True
